question,strategy,rank,score,source,chunk_id,text_preview
What is Python used for?,Fixed,1,0.7567,python.txt,0,"# Python Programming  Python is a high-level, interpreted programming language designed with an emphasis on readability and developer productivity. Its syntax is relatively concise, which makes it popular for teaching programming as well as for professional software development. A Python program can"
What is Python used for?,Fixed,2,0.7422,python.txt,2,"he Python standard library contains modules for working with files, dates, regular expressions, JSON, networking, operating-system features, testing, and many other tasks. Developers can also install third-party packages through package managers such as pip. Virtual environments are commonly used to"
What is Python used for?,Fixed,3,0.6746,python.txt,3,"ting, and artificial intelligence. Web frameworks such as Django and Flask can be used to build server-side applications and APIs. Data analysts use libraries such as pandas and NumPy to process datasets and perform numerical operations.  In machine learning, Python is commonly used with libraries a"
What is Python used for?,Recursive,1,0.7932,python.txt,python.txt_3,"## Common Uses  Python is widely used in web development, data analysis, scientific computing, automation, scripting, and artificial intelligence. Web frameworks such as Django and Flask can be used to build server-side applications and APIs. Data analysts use libraries such as pandas and NumPy to p"
What is Python used for?,Recursive,2,0.7649,python.txt,python.txt_0,"# Python Programming  Python is a high-level, interpreted programming language designed with an emphasis on readability and developer productivity. Its syntax is relatively concise, which makes it popular for teaching programming as well as for professional software development. A Python program can"
What is Python used for?,Recursive,3,0.7344,python.txt,python.txt_4,"In machine learning, Python is commonly used with libraries and frameworks for model training, experimentation, and evaluation. Python is also useful for automation because scripts can interact with files, command-line tools, web services, and databases.  ## Development Practices"
What is Python used for?,Sentence,1,0.7588,python.txt,python.txt_0,"# Python Programming Python is a high-level, interpreted programming language designed with an emphasis on readability and developer productivity. Its syntax is relatively concise, which makes it popular for teaching programming as well as for professional software development. A Python program can "
What is Python used for?,Sentence,2,0.7484,python.txt,python.txt_2,"The Python standard library contains modules for working with files, dates, regular expressions, JSON, networking, operating-system features, testing, and many other tasks. Developers can also install third-party packages through package managers such as pip. Virtual environments are commonly used t"
What is Python used for?,Sentence,3,0.6841,python.txt,python.txt_3,"Web frameworks such as Django and Flask can be used to build server-side applications and APIs. Data analysts use libraries such as pandas and NumPy to process datasets and perform numerical operations. In machine learning, Python is commonly used with libraries and frameworks for model training, ex"
What is retrieval augmented generation?,Fixed,1,0.6316,rag.txt,0,"# Retrieval-Augmented Generation  Retrieval-Augmented Generation, commonly called RAG, combines information retrieval with language generation. The basic idea is to retrieve relevant information from an external knowledge source before asking a language model to produce an answer.  ## Document Proce"
What is retrieval augmented generation?,Fixed,2,0.5762,rag.txt,4,"uality, metadata, query formulation, and the number of retrieved candidates. A system should therefore evaluate retrieval separately from answer generation.  ## Generation  The retrieved chunks are inserted into a prompt given to a language model. The model is instructed to answer using the supplied"
What is retrieval augmented generation?,Fixed,3,0.4601,rag.txt,5,"ect, concise, and grounded. If the retrieved context does not contain enough information, the application can return a controlled response rather than inventing an answer.  ## Evaluation  RAG systems can be evaluated using measures such as faithfulness, answer relevancy, context precision, and conte"
What is retrieval augmented generation?,Recursive,1,0.6832,rag.txt,rag.txt_0,"# Retrieval-Augmented Generation  Retrieval-Augmented Generation, commonly called RAG, combines information retrieval with language generation. The basic idea is to retrieve relevant information from an external knowledge source before asking a language model to produce an answer.  ## Document Proce"
What is retrieval augmented generation?,Recursive,2,0.5354,rag.txt,rag.txt_6,"Retrieval quality can be affected by chunk size, overlap, embedding quality, metadata, query formulation, and the number of retrieved candidates. A system should therefore evaluate retrieval separately from answer generation.  ## Generation  The retrieved chunks are inserted into a prompt given to a"
What is retrieval augmented generation?,Recursive,3,0.4438,rag.txt,rag.txt_5,## Retrieval and Reranking  Initial retrieval may return several candidate documents. A reranker can examine the query and candidates in more detail and reorder them according to relevance. This two-stage approach can improve retrieval quality because the vector search provides broad recall while re
What is retrieval augmented generation?,Sentence,1,0.6283,rag.txt,rag.txt_0,"# Retrieval-Augmented Generation Retrieval-Augmented Generation, commonly called RAG, combines information retrieval with language generation. The basic idea is to retrieve relevant information from an external knowledge source before asking a language model to produce an answer. ## Document Process"
What is retrieval augmented generation?,Sentence,2,0.5304,rag.txt,rag.txt_4,A system should therefore evaluate retrieval separately from answer generation. ## Generation The retrieved chunks are inserted into a prompt given to a language model. The model is instructed to answer using the supplied context. This can reduce hallucination because the model has access to relevan
What is retrieval augmented generation?,Sentence,3,0.426,rag.txt,rag.txt_5,"If the retrieved context does not contain enough information, the application can return a controlled response rather than inventing an answer. ## Evaluation RAG systems can be evaluated using measures such as faithfulness, answer relevancy, context precision, and context recall. Faithfulness measur"
What is a database?,Fixed,1,0.7979,databases.txt,0,"# Database Systems  A database is an organized collection of information that can be stored, updated, and retrieved efficiently. Database management systems provide software for defining structures, executing queries, maintaining consistency, controlling access, and recovering data after failures.  "
What is a database?,Fixed,2,0.4716,databases.txt,1,"mn represents an attribute. SQL is commonly used to create tables, insert data, update records, and retrieve information.  A primary key uniquely identifies a row. Foreign keys establish relationships between tables. Constraints can enforce rules such as uniqueness, non-null values, and valid refere"
What is a database?,Fixed,3,0.4508,databases.txt,4,"re commonly discussed using the ACID properties: atomicity, consistency, isolation, and durability.  Concurrency control is important when multiple users access data simultaneously. Locking, timestamps, and other techniques can prevent conflicting operations from producing invalid results.  ## Recov"
What is a database?,Recursive,1,0.7816,databases.txt,databases.txt_0,"# Database Systems  A database is an organized collection of information that can be stored, updated, and retrieved efficiently. Database management systems provide software for defining structures, executing queries, maintaining consistency, controlling access, and recovering data after failures.  "
What is a database?,Recursive,2,0.5861,databases.txt,databases.txt_1,"## Relational Databases  Relational databases organize information into tables containing rows and columns. Each row represents a record and each column represents an attribute. SQL is commonly used to create tables, insert data, update records, and retrieve information.  A primary key uniquely iden"
What is a database?,Recursive,3,0.4762,databases.txt,databases.txt_4,"## Transactions  A transaction groups multiple database operations into a logical unit. Transaction systems are commonly discussed using the ACID properties: atomicity, consistency, isolation, and durability.  Concurrency control is important when multiple users access data simultaneously. Locking, "
What is a database?,Sentence,1,0.8086,databases.txt,databases.txt_0,"# Database Systems A database is an organized collection of information that can be stored, updated, and retrieved efficiently. Database management systems provide software for defining structures, executing queries, maintaining consistency, controlling access, and recovering data after failures. ##"
What is a database?,Sentence,2,0.5181,databases.txt,databases.txt_1,"SQL is commonly used to create tables, insert data, update records, and retrieve information. A primary key uniquely identifies a row. Foreign keys establish relationships between tables. Constraints can enforce rules such as uniqueness, non-null values, and valid references. ## Normalization Databa"
What is a database?,Sentence,3,0.4646,databases.txt,databases.txt_5,"Security includes authentication, authorization, encryption, and auditing. Applications should use parameterized queries or other safe mechanisms to reduce the risk of SQL injection. Database performance depends on schema design, indexes, query structure, hardware, caching, and workload. Monitoring "
What is machine learning?,Fixed,1,0.7556,machine_learning.txt,0,"# Machine Learning  Machine learning is a branch of artificial intelligence that enables computer systems to learn patterns from data. Instead of writing every rule manually, a developer provides data and a learning algorithm that identifies relationships useful for prediction or decision-making.  #"
What is machine learning?,Fixed,2,0.568,machine_learning.txt,5,"image recognition, natural language processing, forecasting, search, and anomaly detection. In production systems, model performance must be monitored because data distributions and user behavior can change over time.  Successful machine learning projects require more than choosing an algorithm. Dat"
What is machine learning?,Fixed,3,0.5345,machine_learning.txt,4,"ed using accuracy, precision, recall, F1 score, or a confusion matrix. Regression can use measures such as mean absolute error and mean squared error.  A model that performs extremely well on training data but poorly on unseen data may be overfitting. Regularization, simpler models, more data, and a"
What is machine learning?,Recursive,1,0.7656,machine_learning.txt,machine_learning.txt_0,"# Machine Learning  Machine learning is a branch of artificial intelligence that enables computer systems to learn patterns from data. Instead of writing every rule manually, a developer provides data and a learning algorithm that identifies relationships useful for prediction or decision-making.  #"
What is machine learning?,Recursive,2,0.6059,machine_learning.txt,machine_learning.txt_8,"Successful machine learning projects require more than choosing an algorithm. Data collection, preprocessing, evaluation, deployment, monitoring, and communication of results are all important parts of the workflow."
What is machine learning?,Recursive,3,0.5862,machine_learning.txt,machine_learning.txt_7,"## Applications  Machine learning is used in recommendation systems, fraud detection, image recognition, natural language processing, forecasting, search, and anomaly detection. In production systems, model performance must be monitored because data distributions and user behavior can change over ti"
What is machine learning?,Sentence,1,0.7827,machine_learning.txt,machine_learning.txt_0,"# Machine Learning Machine learning is a branch of artificial intelligence that enables computer systems to learn patterns from data. Instead of writing every rule manually, a developer provides data and a learning algorithm that identifies relationships useful for prediction or decision-making. ## "
What is machine learning?,Sentence,2,0.7269,machine_learning.txt,machine_learning.txt_5,"Machine learning is used in recommendation systems, fraud detection, image recognition, natural language processing, forecasting, search, and anomaly detection. In production systems, model performance must be monitored because data distributions and user behavior can change over time. Successful ma"
What is machine learning?,Sentence,3,0.503,machine_learning.txt,machine_learning.txt_2,"Reinforcement learning is based on interaction between an agent and an environment. The agent takes actions and receives rewards or penalties. Over time, the agent learns a strategy that attempts to maximize cumulative reward. ## Data Preparation Data quality has a major effect on machine learning p"
What is software testing?,Fixed,1,0.7738,software_testing.txt,0,# Software Testing  Software testing is the systematic process of checking whether an application behaves as expected and identifying defects. Testing can begin early in development and continue throughout the software lifecycle.  ## Testing Levels  Unit testing checks small components such as funct
What is software testing?,Fixed,2,0.5151,software_testing.txt,3,derstand and operate the interface effectively. Security testing checks whether applications protect data and restrict unauthorized operations.  ## Automation  Automated testing uses software tools to execute repeatable test cases. Automation is useful for regression testing because the same checks 
What is software testing?,Fixed,3,0.4466,python.txt,4,"nd-line tools, web services, and databases.  ## Development Practices  A typical Python project may contain source modules, tests, configuration files, documentation, and dependency specifications. Developers often use Git for version control and virtual environments for dependency management. Autom"
What is software testing?,Recursive,1,0.788,software_testing.txt,software_testing.txt_0,# Software Testing  Software testing is the systematic process of checking whether an application behaves as expected and identifying defects. Testing can begin early in development and continue throughout the software lifecycle.  ## Testing Levels
What is software testing?,Recursive,2,0.5294,APIs.txt,APIs.txt_4,"## Testing  API testing can verify status codes, response bodies, headers, validation, authentication, authorization, and error handling. Tools can send requests repeatedly and compare responses with expected results.  Documentation is important because developers need to understand available endpoi"
What is software testing?,Recursive,3,0.5214,software_testing.txt,software_testing.txt_4,"## Automation  Automated testing uses software tools to execute repeatable test cases. Automation is useful for regression testing because the same checks can be run after code changes.  However, not every test should be automated. Exploratory testing and usability checks often benefit from human ob"
What is software testing?,Sentence,1,0.7931,software_testing.txt,software_testing.txt_0,# Software Testing Software testing is the systematic process of checking whether an application behaves as expected and identifying defects. Testing can begin early in development and continue throughout the software lifecycle. ## Testing Levels Unit testing checks small components such as function
What is software testing?,Sentence,2,0.5087,software_testing.txt,software_testing.txt_3,Usability testing evaluates whether users can understand and operate the interface effectively. Security testing checks whether applications protect data and restrict unauthorized operations. ## Automation Automated testing uses software tools to execute repeatable test cases. Automation is useful f
What is software testing?,Sentence,3,0.4672,python.txt,python.txt_4,"A typical Python project may contain source modules, tests, configuration files, documentation, and dependency specifications. Developers often use Git for version control and virtual environments for dependency management. Automated testing can be added using frameworks such as pytest or the standa"
